Date,Inv No.,Bill No.,Bill Date,Party Name,ProjectNo,Item Name,Qty,Unit,Rate,CGST %,SGST %,IGST %,Net Amount,Total(QTY*Rate),Other taxable Charges(If Any),taxable Amt,CGST AMT,SGST AMT,IGST AMT,Total GST AMT,Final Discount,Round Off,Gross Amount
2024-03-01 00:00:00,AR/2324/1005          ,SE-23-24-0935            ,2024-02-29 00:00:00,Shah Enterprise                                   ,M1041                                                                                               ,3M Yellow Reflector                               ,1.0,rol   ,7590.0,,,18,4478.0,7590.0,,3795.0,,,683.1,683.1,-3795.0,-0.1,4478.1
2024-03-02 00:00:00,AR/2324/1006          ,AR/23-24/913             ,2024-02-28 00:00:00,SPAREAGE SEALING SOLUTIONS LLP                    ,Capital                                                                                             ,Guide Ring 75 x 79 x 20 MM                        ,4.0,nos   ,1105.0,,,18,19429.0,4420.0,,4088.5,,,735.93,735.93,-331.5,0.3,4824.43
02-03-2024,AR/2324/1006          ,AR/23-24/913             ,28-02-2024,SPAREAGE SEALING SOLUTIONS LLP                    ,Capital                                                                                             ,O-Ring ID 93 x 3 C/S                              ,4.0,nos   ,408.0,,,18,,1632.0,,1509.6,,,271.73,271.73,-122.4,0.3,1781.33
02-03-2024,AR/2324/1006          ,AR/23-24/913             ,28-02-2024,SPAREAGE SEALING SOLUTIONS LLP                    ,Capital                                                                                             ,Piston Seal 76 x 90 x 22.50/32.90 MM              ,4.0,nos   ,2323.0,,,18,,9292.0,,8595.1,,,1547.12,1547.12,-696.9,0.3,10142.22
02-03-2024,AR/2324/1006          ,AR/23-24/913             ,28-02-2024,SPAREAGE SEALING SOLUTIONS LLP                    ,Capital                                                                                             ,Rod Seal 75 x 85 x 13 MM                          ,4.0,nos   ,332.0,,,18,,1328.0,,1228.4,,,221.11,221.11,-99.6,0.3,1449.51
02-03-2024,AR/2324/1006          ,AR/23-24/913             ,28-02-2024,SPAREAGE SEALING SOLUTIONS LLP                    ,Capital                                                                                             ,Wiper Seal 75 x 85 x 7/10 MM                      ,4.0,nos   ,282.0,,,18,,1128.0,,1043.4,,,187.81,187.81,-84.6,0.3,1231.21
02-03-2024,AR/2324/1007          ,S09                      ,2024-02-29 00:00:00,Samay Engineering                                 ,M1040                                                                                               ,Roller Assembly Drg No : TOPL/CD/1600/001/09      ,180.0,nos   ,545.0,9,9,,259606.0,98100.0,,98100.0,8829.0,8829.0,,17658.0,,0.1,115758.0
02-03-2024,AR/2324/1007          ,S09                      ,29-02-2024,Samay Engineering                                 ,M1040                                                                                               ,Roller Assembly ROL3X562&A                        ,189.0,nos   ,645.0,9,9,,,121905.0,,121905.0,10971.45,10971.45,,21942.9,,0.1,143847.9
2024-03-04 00:00:00,AR/2324/1008          ,PE104/23-24              ,2024-03-04 00:00:00,Pioneer Engineers                                 ,M1040                                                                                               ,Cross Member Fabrication Drg TOPL-CD-1600-003     ,12.0,nos   ,5443.0,9,9,,568760.0,65316.0,,65316.0,5878.44,5878.44,,11756.88,,,77072.88
04-03-2024,AR/2324/1008          ,PE104/23-24              ,04-03-2024,Pioneer Engineers                                 ,M1040                                                                                               ,Frame Assembly Drg TOPL-CD-1600-004A              ,12.0,nos   ,10167.0,9,9,,,122004.0,,122004.0,10980.36,10980.36,,21960.72,,,143964.72
04-03-2024,AR/2324/1008          ,PE104/23-24              ,04-03-2024,Pioneer Engineers                                 ,M1040                                                                                               ,Rotating Platform Drg TOPL-CD-1600-001            ,12.0,nos   ,22080.0,9,9,,,264960.0,,264960.0,23846.4,23846.4,,47692.8,,,312652.8
04-03-2024,AR/2324/1008          ,PE104/23-24              ,04-03-2024,Pioneer Engineers                                 ,M1040                                                                                               ,Towbar Drg TOPL-CD-1600-002A                      ,12.0,nos   ,2310.0,9,9,,,27720.0,2000,29720.0,2674.8,2674.8,,5349.6,,,35069.6
2024-03-05 00:00:00,AR/2324/1009          ,SE-23-24/454             ,2024-03-02 00:00:00,Shah Enterprise                                   ,M1041                                                                                               ,Chain 25 x 5 mm                                   ,50.0,mtr   ,65.0,,,18,6072.0,3250.0,,3250.0,,,585.0,585.0,,-0.28,3835.0
05-03-2024,AR/2324/1009          ,SE-23-24/454             ,02-03-2024,Shah Enterprise                                   ,M1041                                                                                               ,"Depth Gauge 6""                                    ",2.0,nos   ,300.0,,,18,,600.0,,600.0,,,108.0,108.0,,-0.28,708.0
05-03-2024,AR/2324/1009          ,SE-23-24/454             ,02-03-2024,Shah Enterprise                                   ,M1041                                                                                               ,Grease                                            ,1.0,kgs   ,576.0,,,18,,576.0,,576.0,,,103.68,103.68,,-0.28,679.68
05-03-2024,AR/2324/1009          ,SE-23-24/454             ,02-03-2024,Shah Enterprise                                   ,M1041                                                                                               ,Hex Bolt M10 x 40 mm Lg Full threads              ,20.0,nos   ,24.0,,,18,,480.0,,480.0,,,86.4,86.4,,-0.28,566.4
05-03-2024,AR/2324/1009          ,SE-23-24/454             ,02-03-2024,Shah Enterprise                                   ,M1041                                                                                               ,Plain Nut M10                                     ,20.0,nos   ,12.0,,,18,,240.0,,240.0,,,43.2,43.2,,-0.28,283.2
05-03-2024,AR/2324/1010          ,866/23-24                ,2024-02-29 00:00:00,Noopur Trading Co.                                ,Consumable                                                                                          ,"14""Cutoff Wheel                                   ",10.0,nos   ,115.0,9,9,,23091.0,1150.0,,1150.0,103.5,103.5,,207.0,,-0.02,1357.0
05-03-2024,AR/2324/1010          ,866/23-24                ,29-02-2024,Noopur Trading Co.                                ,Consumable                                                                                          ,Bandsaw Blade 2515 X 20 X 0.90mm                  ,4.0,PCS   ,1100.0,9,9,,,4400.0,,4400.0,396.0,396.0,,792.0,,-0.02,5192.0
05-03-2024,AR/2324/1010          ,866/23-24                ,29-02-2024,Noopur Trading Co.                                ,Consumable                                                                                          ,Carbon Brush                                      ,2.0,nos   ,26.0,9,9,,,52.0,,43.68,3.93,3.93,,7.86,-8.32,-0.02,51.54
05-03-2024,AR/2324/1010          ,866/23-24                ,29-02-2024,Noopur Trading Co.                                ,Consumable                                                                                          ,Carbon Brush                                      ,5.0,nos   ,65.0,9,9,,,325.0,,273.0,24.57,24.57,,49.14,-52.0,-0.02,322.14
05-03-2024,AR/2324/1010          ,866/23-24                ,29-02-2024,Noopur Trading Co.                                ,Consumable                                                                                          ,Cutting Oil                                       ,5.0,ltr   ,148.0,9,9,,,740.0,,740.0,66.6,66.6,,133.2,,-0.02,873.2
05-03-2024,AR/2324/1010          ,866/23-24                ,29-02-2024,Noopur Trading Co.                                ,Consumable                                                                                          ,Hammer Drill 5mm                                  ,2.0,nos   ,97.0,9,9,,,194.0,,135.8,12.22,12.22,,24.44,-58.2,-0.02,160.24
05-03-2024,AR/2324/1010          ,866/23-24                ,29-02-2024,Noopur Trading Co.                                ,Consumable                                                                                          ,HSS Straight Shank Drill 14.0mm                   ,1.0,nos   ,1975.0,9,9,,,1975.0,,829.5,74.66,74.66,,149.32,-1145.5,-0.02,978.82
05-03-2024,AR/2324/1010          ,866/23-24                ,29-02-2024,Noopur Trading Co.                                ,Consumable                                                                                          ,HSS Straight Shank Drill 4.7mm                    ,30.0,nos   ,188.0,9,9,,,5640.0,,2368.8,213.19,213.19,,426.38,-3271.2,-0.02,2795.18
05-03-2024,AR/2324/1010          ,866/23-24                ,29-02-2024,Noopur Trading Co.                                ,Consumable                                                                                          ,HSS Straight Shank Drill 5.0mm                    ,20.0,nos   ,197.0,9,9,,,3940.0,,1654.8,148.93,148.93,,297.86,-2285.2,-0.02,1952.66
05-03-2024,AR/2324/1010          ,866/23-24                ,29-02-2024,Noopur Trading Co.                                ,Consumable                                                                                          ,HSS Straight Shank Drill 5.2mm                    ,10.0,nos   ,197.0,9,9,,,1970.0,,827.4,74.47,74.47,,148.94,-1142.6,-0.02,976.34
05-03-2024,AR/2324/1010          ,866/23-24                ,29-02-2024,Noopur Trading Co.                                ,Consumable                                                                                          ,HSS Straight Shank Drill 6.2mm                    ,10.0,nos   ,278.0,9,9,,,2780.0,,1167.6,105.08,105.08,,210.16,-1612.4,-0.02,1377.76
05-03-2024,AR/2324/1010          ,866/23-24                ,29-02-2024,Noopur Trading Co.                                ,Consumable                                                                                          ,HSS Taper Shank Drill 15.0 mm                     ,1.0,nos   ,2940.0,9,9,,,2940.0,,1234.8,111.13,111.13,,222.26,-1705.2,-0.02,1457.06
05-03-2024,AR/2324/1010          ,866/23-24                ,29-02-2024,Noopur Trading Co.                                ,Consumable                                                                                          ,HSS Taper Shank Drill 17.0 mm                     ,2.0,nos   ,3242.0,9,9,,,6484.0,,2723.28,245.1,245.1,,490.2,-3760.72,-0.02,3213.48
05-03-2024,AR/2324/1010          ,866/23-24                ,29-02-2024,Noopur Trading Co.                                ,Consumable                                                                                          ,Square File  BAST 250 mm JK                       ,4.0,nos   ,80.0,9,9,,,320.0,,320.0,28.8,28.8,,57.6,,-0.02,377.6
05-03-2024,AR/2324/1010          ,866/23-24                ,29-02-2024,Noopur Trading Co.                                ,Consumable                                                                                          ,Velcro Disc 125 mm Metal 60 Grit                  ,25.0,nos   ,28.0,9,9,,,700.0,,700.0,63.0,63.0,,126.0,,-0.02,826.0
05-03-2024,AR/2324/1010          ,866/23-24                ,29-02-2024,Noopur Trading Co.                                ,Consumable                                                                                          ,Velcro Disc 125 mm Metal 60 Grit                  ,100.0,nos   ,10.0,9,9,,,1000.0,,1000.0,90.0,90.0,,180.0,,-0.02,1180.0
05-03-2024,AR/2324/1011          ,INV23-24/2077            ,2024-03-02 00:00:00,Aastha Traders                                    ,Consumable                                                                                          ,Safety Shoes                                      ,1.0,prs   ,700.0,,,12,2464.0,700.0,,700.0,,,84.0,84.0,,,784.0
05-03-2024,AR/2324/1011          ,INV23-24/2077            ,02-03-2024,Aastha Traders                                    ,Consumable                                                                                          ,Safety Shoes                                      ,2.0,prs   ,750.0,,,12,,1500.0,,1500.0,,,180.0,180.0,,,1680.0
05-03-2024,AR/2324/1012          ,INV23-24/2078            ,2024-03-02 00:00:00,Aastha Traders                                    ,Consumable                                                                                          ,Uniform  (Staff)                                  ,2.0,pair  ,450.0,,,5,9240.0,900.0,,900.0,,,45.0,45.0,,,945.0
05-03-2024,AR/2324/1012          ,INV23-24/2078            ,02-03-2024,Aastha Traders                                    ,Consumable                                                                                          ,Uniform  (Staff)                                  ,4.0,pair  ,850.0,,,5,,3400.0,,3400.0,,,170.0,170.0,,,3570.0
05-03-2024,AR/2324/1012          ,INV23-24/2078            ,02-03-2024,Aastha Traders                                    ,Consumable                                                                                          ,Uniform (Workers)                                 ,6.0,pair  ,750.0,,,5,,4500.0,,4500.0,,,225.0,225.0,,,4725.0
2024-03-06 00:00:00,AR/2324/1013          ,EEK/SI/2324/3403         ,2024-02-29 00:00:00,Esoofali Esmailji Karachiwala & Co.               ,Capital                                                                                             ,Steel Wire Rope Dia 12 mm                         ,60.0,nos   ,145.0,,,18,10266.0,8700.0,,8700.0,,,1566.0,1566.0,,,10266.0
06-03-2024,AR/2324/1014          ,RJ/23-24/0673            ,2024-02-27 00:00:00,MANDELIA INSULATION & TRANSMISSION CO.            ,M1038                                                                                               ,Anti Skid Rubber Mat 1200 W x 6mm Thick           ,60.0,mtr   ,1458.0,,,18,103226.0,87480.0,,87480.0,,,15746.4,15746.4,,-0.4,103226.4
06-03-2024,AR/2324/1015          ,934                      ,2024-03-06 00:00:00,Balaji Engineering Works                          ,M1045                                                                                               ,Fixed Caster Bracket Profile PT-2575-05-01        ,80.0,nos   ,850.0,9,9,,182074.0,68000.0,,66402.0,5976.18,5976.18,,11952.36,-1598.0,-0.3,78354.36
06-03-2024,AR/2324/1015          ,934                      ,06-03-2024,Balaji Engineering Works                          ,M1045                                                                                               ,Foot Pedal Profile Drg No.3267-3                  ,45.0,nos   ,185.0,9,9,,,8325.0,3797,11897.22,1070.75,1070.75,,2141.5,-224.78,-0.3,14038.72
06-03-2024,AR/2324/1015          ,934                      ,06-03-2024,Balaji Engineering Works                          ,M1045                                                                                               ,Swivel Caster Bracket Profile PT-2575-04-01       ,80.0,nos   ,790.0,9,9,,,63200.0,,61601.04,5544.09,5544.09,,11088.18,-1598.96,-0.3,72689.22
06-03-2024,AR/2324/1015          ,934                      ,06-03-2024,Balaji Engineering Works                          ,M1045                                                                                               ,Towing Eye Profile 3622-3                         ,30.0,nos   ,480.0,9,9,,,14400.0,,14400.0,1296.0,1296.0,,2592.0,,-0.3,16992.0
2024-03-07 00:00:00,AR/2324/1016          ,APV-11313                ,2024-03-05 00:00:00,Ambika Paints                                     ,M1045                                                                                               ,Epoxy 206 Grey Primer                             ,60.0,ltr   ,200.0,9,9,,14160.0,12000.0,,12000.0,1080.0,1080.0,,2160.0,,,14160.0
07-03-2024,AR/2324/1017          ,SE-23-24-456             ,2024-03-05 00:00:00,Shah Enterprise                                   ,consumable                                                                                          ,Metal To Rubber Adhesive                          ,6.0,ltr   ,520.0,,,18,4130.0,3120.0,,3000.19,,,540.03,540.03,-119.81,-0.28,3540.22
07-03-2024,AR/2324/1017          ,SE-23-24-456             ,05-03-2024,Shah Enterprise                                   ,consumable                                                                                          ,Silicon Sealant 789 White                         ,1.0,nos   ,850.0,,,18,,850.0,,500.05,,,90.01,90.01,-349.95,-0.28,590.06
07-03-2024,AR/2324/1018          ,222                      ,2024-03-07 00:00:00,Viion Engineering                                 ,M1040                                                                                               ,Flange Plate 3718 - 3ab                           ,225.0,nos   ,215.0,9,9,,59207.0,48375.0,1800,50175.0,4515.75,4515.75,,9031.5,,0.5,59206.5
07-03-2024,AR/2324/1019          ,223                      ,2024-03-07 00:00:00,Viion Engineering                                 ,M1045                                                                                               ,Double Axle Stub                                  ,38.0,nos   ,1500.0,9,9,,243729.0,57000.0,,49783.8,4480.54,4480.54,,8961.08,-7216.2,-0.16,58744.88
07-03-2024,AR/2324/1019          ,223                      ,07-03-2024,Viion Engineering                                 ,M1045                                                                                               ,Lock Nut                                          ,10.0,nos   ,305.0,9,9,,,3050.0,,3046.34,274.17,274.17,,548.34,-3.66,-0.16,3594.68
07-03-2024,AR/2324/1019          ,223                      ,07-03-2024,Viion Engineering                                 ,M1045                                                                                               ,O' Ring Spacer                                    ,20.0,nos   ,240.0,9,9,,,4800.0,1000,5800.0,522.0,522.0,,1044.0,,-0.16,6844.0
07-03-2024,AR/2324/1019          ,223                      ,07-03-2024,Viion Engineering                                 ,M1045                                                                                               ,O' Ring Spacer                                    ,60.0,nos   ,240.0,9,9,,,14400.0,,14400.0,1296.0,1296.0,,2592.0,,-0.16,16992.0
07-03-2024,AR/2324/1019          ,223                      ,07-03-2024,Viion Engineering                                 ,M1045                                                                                               ,Swivel Caster Axle                                ,8.0,nos   ,3040.0,9,9,,,24320.0,,24320.0,2188.8,2188.8,,4377.6,,-0.16,28697.6
07-03-2024,AR/2324/1019          ,223                      ,07-03-2024,Viion Engineering                                 ,M1045                                                                                               ,Swivel Caster Housing                             ,14.0,nos   ,7800.0,9,9,,,109200.0,,109200.0,9828.0,9828.0,,19656.0,,-0.16,128856.0
2024-03-08 00:00:00,AR/2324/1020          ,1067                     ,2024-03-07 00:00:00,S.R.Engineering Industries                        ,M1038                                                                                               ,Compression Spring  wire Dia 9mm x 855 mm lg      ,3.0,nos   ,1850.0,9,9,,6549.0,5550.0,,5550.0,499.5,499.5,,999.0,,,6549.0
08-03-2024,AR/2324/1021          ,1144                     ,2024-03-06 00:00:00,S.R.Engineering Industries                        ,M1038                                                                                               ,Compression Spring  wire Dia 9mm x 855 mm lg      ,6.0,nos   ,1850.0,9,9,,13098.0,11100.0,,11100.0,999.0,999.0,,1998.0,,,13098.0
08-03-2024,AR/2324/1022          ,SE-23-24-457             ,2024-03-06 00:00:00,Shah Enterprise                                   ,Consumable                                                                                          ,Lashing Belt 50mm x 10 mtr lg.                    ,20.0,rol   ,400.0,,,18,8260.0,8000.0,,7000.0,,,1260.0,1260.0,-1000.0,,8260.0
08-03-2024,AR/2324/1023          ,APV-11331                ,2024-03-06 00:00:00,Ambika Paints                                     ,M1040                                                                                               ,PU Paint RAL  3020-Luminous Red                   ,100.0,ltr   ,465.0,9,9,,54870.0,46500.0,,46500.0,4185.0,4185.0,,8370.0,,,54870.0
08-03-2024,AR/2324/1024          ,2969/23-24               ,2024-02-26 00:00:00,Pooja Enterprises                                 ,M1041                                                                                               ,Ball Bearing 6204 ZZ                              ,3020.0,nos   ,40.0,,,18,144904.0,120800.0,2000,122800.0,,,22104.0,22104.0,,,144904.0
08-03-2024,AR/2324/1025          ,NR/23-24/MAR/01          ,2024-03-04 00:00:00,N R Controls                                      ,Spares                                                                                              ,"BLDC Motor 3KW, 48V, 3000RPM                      ",1.0,nos   ,17630.0,,,18,20803.0,17630.0,,17630.0,,,3173.4,3173.4,,-0.4,20803.4
08-03-2024,AR/2324/1026          ,PE108/23-24              ,2024-03-08 00:00:00,Pioneer Engineers                                 ,M1040                                                                                               ,Cross Member Fabrication Drg TOPL-CD-1600-003     ,13.0,nos   ,5443.0,9,9,,605057.0,70759.0,,70759.0,6368.31,6368.31,,12736.62,,0.2,83495.62
08-03-2024,AR/2324/1026          ,PE108/23-24              ,08-03-2024,Pioneer Engineers                                 ,M1040                                                                                               ,Frame Assembly Drg TOPL-CD-1600-004A              ,13.0,nos   ,10167.0,9,9,,,132171.0,,132171.0,11895.39,11895.39,,23790.78,,0.2,155961.78
08-03-2024,AR/2324/1026          ,PE108/23-24              ,08-03-2024,Pioneer Engineers                                 ,M1040                                                                                               ,Rotating Platform Drg TOPL-CD-1600-001            ,13.0,nos   ,22080.0,9,9,,,287040.0,,287040.0,25833.6,25833.6,,51667.2,,0.2,338707.2
08-03-2024,AR/2324/1026          ,PE108/23-24              ,08-03-2024,Pioneer Engineers                                 ,M1040                                                                                               ,Towbar Drg TOPL-CD-1600-002A                      ,9.0,nos   ,2310.0,9,9,,,20790.0,2000,22790.0,2051.1,2051.1,,4102.2,,0.2,26892.2
08-03-2024,AR/2324/1027          ,23-24/4367               ,2024-04-08 00:00:00,Alloy Steel Corporation                           ,M1040                                                                                               ,MS Flat 50 x 8 mm Thk                             ,124.5,kgs   ,56.5,9,9,,12820.0,7034.25,,7034.25,633.08,633.08,,1266.16,,-0.1,8300.41
08-03-2024,AR/2324/1027          ,23-24/4367               ,08-04-2024,Alloy Steel Corporation                           ,M1040                                                                                               ,MS Flat 65 x 12 mm Thk                            ,66.5,kgs   ,56.5,9,9,,,3757.25,73,3830.25,344.72,344.72,,689.44,,-0.1,4519.69
2024-03-09 00:00:00,AR/2324/1028          ,c4203                    ,2024-02-29 00:00:00,Mahavir Hardware Store                            ,consumable                                                                                          ,"14""Cutoff Wheel                                   ",50.0,nos   ,110.17,9,9,,13629.0,5508.5,,5508.5,495.77,495.77,,991.54,,-0.49,6500.04
09-03-2024,AR/2324/1028          ,c4203                    ,29-02-2024,Mahavir Hardware Store                            ,consumable                                                                                          ,"cutoff Wheel 5""                                   ",100.0,nos   ,25.42,9,9,,,2542.0,,2542.0,228.78,228.78,,457.56,,-0.49,2999.56
09-03-2024,AR/2324/1028          ,c4203                    ,29-02-2024,Mahavir Hardware Store                            ,consumable                                                                                          ,"Flap Disc (Buffing Wheel) 4 "", 60 Grit            ",20.0,nos   ,33.9,9,9,,,678.0,,678.0,61.02,61.02,,122.04,,-0.49,800.04
09-03-2024,AR/2324/1028          ,c4203                    ,29-02-2024,Mahavir Hardware Store                            ,consumable                                                                                          ,Measure Tap 3 Mtr                                 ,5.0,PCS   ,59.32,9,9,,,296.6,,296.6,26.69,26.69,,53.38,,-0.49,349.98
09-03-2024,AR/2324/1028          ,c4203                    ,29-02-2024,Mahavir Hardware Store                            ,consumable                                                                                          ,"Measuring Tape Freeman, 5 Mtr                     ",5.0,nos   ,110.17,9,9,,,550.85,,550.85,49.58,49.58,,99.16,,-0.49,650.01
09-03-2024,AR/2324/1028          ,c4203                    ,29-02-2024,Mahavir Hardware Store                            ,consumable                                                                                          ,Oxygen Cylinder                                   ,42.0,PCS   ,42.37,9,9,,,1779.54,,1779.54,160.16,160.16,,320.32,,-0.49,2099.86
09-03-2024,AR/2324/1028          ,c4203                    ,29-02-2024,Mahavir Hardware Store                            ,consumable                                                                                          ,"Right Angle 6""                                    ",1.0,nos   ,194.92,9,9,,,194.92,,194.92,17.54,17.54,,35.08,,-0.49,230.0
09-03-2024,AR/2324/1029          ,SE-23-24-460             ,2024-03-08 00:00:00,Shah Enterprise                                   ,M1040                                                                                               ,Allen Csk Bolt M8 x 25 mm Lg                      ,100.0,nos   ,22.15,,,18,6113.0,2215.0,,1209.39,,,217.69,217.69,-1005.61,-0.41,1427.08
09-03-2024,AR/2324/1029          ,SE-23-24-460             ,08-03-2024,Shah Enterprise                                   ,M1040                                                                                               ,Hex Bolt M10 x 130 mm lg Half Thread              ,90.0,nos   ,65.15,,,18,,5863.5,,3201.47,,,576.26,576.26,-2662.03,-0.41,3777.73
09-03-2024,AR/2324/1029          ,SE-23-24-460             ,08-03-2024,Shah Enterprise                                   ,M1040                                                                                               ,U Clamp M6 With Nut                               ,50.0,nos   ,22.0,,,18,,1100.0,,770.0,,,138.6,138.6,-330.0,-0.41,908.6
2024-03-11 00:00:00,AR/2324/1031          ,224                      ,2024-03-09 00:00:00,Viion Engineering                                 ,M1045                                                                                               ,Swivel Caster Housing                             ,24.0,nos   ,7800.0,9,9,,223020.0,187200.0,1800,189000.0,17010.0,17010.0,,34020.0,,,223020.0
11-03-2024,AR/2324/1032          ,23-24/4368               ,2024-03-08 00:00:00,Alloy Steel Corporation                           ,M1040                                                                                               ,MS Box Pipe (SHS) 25 x 25 x 3 mm Thk              ,72.0,kgs   ,68.0,9,9,,15620.0,4896.0,,4896.0,440.64,440.64,,881.28,,0.34,5777.28
11-03-2024,AR/2324/1032          ,23-24/4368               ,08-03-2024,Alloy Steel Corporation                           ,M1040                                                                                               ,MS Bright Flat 32 x 10 mm Thk                     ,15.2,kgs   ,62.0,9,9,,,942.4,95,1037.4,93.37,93.37,,186.74,,0.34,1224.14
11-03-2024,AR/2324/1032          ,23-24/4368               ,08-03-2024,Alloy Steel Corporation                           ,M1040                                                                                               ,MS Bright Flat 32 x 8 mm Thk                      ,11.8,kgs   ,62.0,9,9,,,731.6,,731.6,65.84,65.84,,131.68,,0.34,863.28
11-03-2024,AR/2324/1032          ,23-24/4368               ,08-03-2024,Alloy Steel Corporation                           ,M1040                                                                                               ,MS Bright Flat 65 x 12 mm Thk                     ,106.0,kgs   ,62.0,9,9,,,6572.0,,6572.0,591.48,591.48,,1182.96,,0.34,7754.96
11-03-2024,AR/2324/1033          ,S-10                     ,2024-03-09 00:00:00,Samay Engineering                                 ,M1040                                                                                               ,Roller Assembly Drg No : TOPL/CD/1600/001/09      ,252.0,nos   ,545.0,9,9,,162061.0,137340.0,,137340.0,12360.6,12360.6,,24721.2,,-0.2,162061.2
11-03-2024,AR/2324/1034          ,DHLLP/6168/23-24         ,2023-11-01 00:00:00,Dossa Harjee Can-Flooring LLP                     ,M1042                                                                                               ,Curtain OP - BT                                   ,2.0,nos   ,4200.0,,,12,9542.0,8400.0,120,8520.0,,,1022.4,1022.4,,-0.4,9542.4
2024-03-13 00:00:00,AR/2324/1035          ,DMN/0373/23-24           ,2024-03-11 00:00:00,JAINAM MULTI-PRODUCT (INDIA) PRIVATE LIMITED      ,Capital                                                                                             ,RFID Bolt Seal                                    ,10.0,nos   ,200.0,,,18,2360.0,2000.0,,2000.0,,,360.0,360.0,,,2360.0
13-03-2024,AR/2324/1036          ,SE-23-24-461             ,2024-03-09 00:00:00,Shah Enterprise                                   ,Consumable                                                                                          ,Allen CSK Screw M6 x 16mm Lg                      ,100.0,nos   ,14.73,,,18,3422.0,1473.0,,810.15,,,145.83,145.83,-662.85,-0.18,955.98
13-03-2024,AR/2324/1036          ,SE-23-24-461             ,09-03-2024,Shah Enterprise                                   ,Consumable                                                                                          ,Diffuser 24 KD                                    ,10.0,nos   ,50.0,,,18,,500.0,,300.0,,,54.0,54.0,-200.0,-0.18,354.0
13-03-2024,AR/2324/1036          ,SE-23-24-461             ,09-03-2024,Shah Enterprise                                   ,Consumable                                                                                          ,Diffuser 36 KD                                    ,10.0,nos   ,65.0,,,18,,650.0,,390.0,,,70.2,70.2,-260.0,-0.18,460.2
13-03-2024,AR/2324/1036          ,SE-23-24-461             ,09-03-2024,Shah Enterprise                                   ,Consumable                                                                                          ,Nozzle 24 KD (MiG)                                ,10.0,nos   ,200.0,,,18,,2000.0,,1400.0,,,252.0,252.0,-600.0,-0.18,1652.0
13-03-2024,AR/2324/1037          ,ABC/236/23-24            ,2024-03-01 00:00:00,Arihant Bearing Centre                            ,consumable                                                                                          ,EmeResin Metal Cloth Roll CR110015000050          ,1.0,rol   ,6320.0,,,18,12304.0,6320.0,,4803.2,,,864.58,864.58,-1516.8,0.19,5667.78
13-03-2024,AR/2324/1037          ,ABC/236/23-24            ,01-03-2024,Arihant Bearing Centre                            ,consumable                                                                                          ,"HSS Tap Set 'TOTEM"" M10X1.5mm                     ",1.0,set   ,1827.0,,,18,,1827.0,100,1470.25,,,264.65,264.65,-456.75,0.19,1734.9
13-03-2024,AR/2324/1037          ,ABC/236/23-24            ,01-03-2024,Arihant Bearing Centre                            ,consumable                                                                                          ,"HSS Tap Set""TOTEM"" M6X1mm Pitch                   ",2.0,set   ,1257.0,,,18,,2514.0,,1885.5,,,339.39,339.39,-628.5,0.19,2224.89
13-03-2024,AR/2324/1037          ,ABC/236/23-24            ,01-03-2024,Arihant Bearing Centre                            ,consumable                                                                                          ,"HSS Tap Set""TOTEM"" M8X1.25mm Pitch                ",2.0,eset  ,1512.0,,,18,,3024.0,,2268.0,,,408.24,408.24,-756.0,0.19,2676.24
13-03-2024,AR/2324/1038          ,SE-23-24-465             ,2024-03-12 00:00:00,Shah Enterprise                                   ,Consumable                                                                                          ,Safety Goggle                                     ,40.0,nos   ,30.0,,,18,3304.0,1200.0,,1200.0,,,216.0,216.0,,,1416.0
13-03-2024,AR/2324/1038          ,SE-23-24-465             ,12-03-2024,Shah Enterprise                                   ,Consumable                                                                                          ,Safety Shoes                                      ,2.0,prs   ,800.0,,,18,,1600.0,,1600.0,,,288.0,288.0,,,1888.0
13-03-2024,AR/2324/1039          ,ABC/242/23-24            ,2024-03-12 00:00:00,Arihant Bearing Centre                            ,Consumable                                                                                          ,Gal. Zine Spray                                   ,24.0,nos   ,385.0,,,18,8505.0,9240.0,,7207.2,,,1297.3,1297.3,-2032.8,0.5,8504.5
13-03-2024,AR/2324/1040          ,ABC/241/23-24            ,2024-03-09 00:00:00,Arihant Bearing Centre                            ,M1039                                                                                               ,"SS304 Elbow 4"" Dia x 4 mm Thk                     ",4.0,nos   ,1350.0,,,18,6490.0,5400.0,100,5500.0,,,990.0,990.0,,,6490.0
2024-03-14 00:00:00,AR/2324/1030          ,429/2023-24              ,2024-03-11 00:00:00,Sarthi Metal & Pipe Fitting Company               ,1039                                                                                                ,"Fix Elbow 1-1/4"" (Inter Threading)                ",6.0,nos   ,495.0,9,9,,9193.0,2970.0,300,3270.0,294.3,294.3,,588.6,,-0.38,3858.6
14-03-2024,AR/2324/1030          ,429/2023-24              ,11-03-2024,Sarthi Metal & Pipe Fitting Company               ,1039                                                                                                ,"Pipe 1-1/4"" OD x 5 mm Thk                         ",13.7,kgs   ,330.0,9,9,,,4521.0,,4521.0,406.89,406.89,,813.78,,-0.38,5334.78
14-03-2024,AR/2324/1041          ,115                      ,2024-03-13 00:00:00,Everest Rubber Industries                         ,M1040                                                                                               ,"Solid Rubber Tyre 16"" x 4"" with Rim & Hub         ",32.0,nos   ,2775.0,,,18,104784.0,88800.0,,88800.0,,,15984.0,15984.0,,,104784.0
2024-03-15 00:00:00,AR/2324/1042          ,225                      ,2024-03-14 00:00:00,Viion Engineering                                 ,M1045                                                                                               ,Double Axle Stub                                  ,22.0,nos   ,1310.0,9,9,,134809.0,28820.0,,28820.0,2593.8,2593.8,,5187.6,,-0.1,34007.6
15-03-2024,AR/2324/1042          ,225                      ,14-03-2024,Viion Engineering                                 ,M1045                                                                                               ,Lock Nut                                          ,25.0,nos   ,305.0,9,9,,,7625.0,,7625.0,686.25,686.25,,1372.5,,-0.1,8997.5
15-03-2024,AR/2324/1042          ,225                      ,14-03-2024,Viion Engineering                                 ,M1045                                                                                               ,Swivel Caster Axle                                ,25.0,nos   ,3040.0,9,9,,,76000.0,1800,77800.0,7002.0,7002.0,,14004.0,,-0.1,91804.0
15-03-2024,AR/2324/1043          ,2976/23-24               ,2024-03-11 00:00:00,Pooja Enterprises                                 ,CAPITAL                                                                                             ,Pillow Block Bearing                              ,2.0,nos   ,2950.0,,,18,6962.0,5900.0,,5900.0,,,1062.0,1062.0,,,6962.0
15-03-2024,AR/2324/1044          ,SE-23-24-467             ,2024-03-14 00:00:00,Shah Enterprise                                   ,spares                                                                                              ,Armature DW801                                    ,2.0,nos   ,554.0,,,18,2687.0,1108.0,,1108.0,,,199.44,199.44,,0.43,1307.44
15-03-2024,AR/2324/1044          ,SE-23-24-467             ,14-03-2024,Shah Enterprise                                   ,spares                                                                                              ,Carbon Brush DW801                                ,5.0,nos   ,87.55,,,18,,437.75,,437.75,,,78.8,78.8,,0.43,516.55
15-03-2024,AR/2324/1044          ,SE-23-24-467             ,14-03-2024,Shah Enterprise                                   ,spares                                                                                              ,Carbon Brush DWE4235                              ,5.0,nos   ,146.2,,,18,,731.0,,731.0,,,131.58,131.58,,0.43,862.58
15-03-2024,AR/2324/1045          ,SE-23-24-468             ,2024-03-14 00:00:00,Shah Enterprise                                   ,Spares Crane                                                                                        ,Contact Block 3T x 4                              ,2.0,nos   ,245.0,,,18,11040.0,980.0,,539.73,,,97.15,97.15,-440.27,-0.7,636.88
15-03-2024,AR/2324/1045          ,SE-23-24-468             ,14-03-2024,Shah Enterprise                                   ,Spares Crane                                                                                        ,"Contactor 3TF33,22 Amp Siemans                    ",4.0,nos   ,2590.0,,,18,,10360.0,,5698.0,,,1025.64,1025.64,-4662.0,-0.35,6723.64
15-03-2024,AR/2324/1045          ,SE-23-24-468             ,14-03-2024,Shah Enterprise                                   ,Spares Crane                                                                                        ,"Relay 3UA5500-2c, 16-25A Siemens                  ",2.0,nos   ,2835.0,,,18,,5670.0,,3118.5,,,561.33,561.33,-2551.5,-0.35,3679.83
